{"build": [491.8409993648529, 1342.490294456482, 2193.4489200115204], "delay": [851.9811091423035, 1702.833144903183, 2553.8710589408875], "clean": null, "drop": 2914.5838871002197, "cpu": {"total": 2553.8713579177856, "user": 17296.68, "system": 70.32000000000001}}