{"build": [2449.4137723445892], "delay": [2650.26185297966], "clean": 2851.262843608856, "drop": 3052.609390735626, "cpu": {"total": 2650.2620766162872, "user": 29009.120000000003, "system": 203.82}}