{"build": [2454.5325784683228], "delay": [2655.32772231102], "clean": 2856.054636001587, "drop": 3057.299497127533, "cpu": {"total": 2655.327975511551, "user": 29040.489999999998, "system": 207.84}}