{"build": [2448.3370621204376], "delay": [2649.3231506347656], "clean": 2850.1907093524933, "drop": 3051.4967749118805, "cpu": {"total": 2649.3233489990234, "user": 29008.04, "system": 185.18}}