{"build": [2450.086168527603], "delay": [2650.934515476227], "clean": 2851.9004559516907, "drop": 3053.1416642665863, "cpu": {"total": 2650.934672832489, "user": 29015.18, "system": 189.82}}