{"start": [1.0110931396484375, 30.738885641098022, 60.298551082611084, 90.85414218902588, 120.40577292442322], "build": [8.197741508483887, 37.75524544715881, 67.31305742263794, 97.86779236793518, 128.921128988266], "clean": [], "cpu": {"total": 138.93770599365234, "user": 181.85999999999999, "system": 17.15}}