{"start": [0.8477904796600342, 7200.390065670013, 14400.629548311234], "build": [3667.7658660411835, 10908.472199440002, 18111.453625917435], "clean": [3672.246953725815, 10913.135936021805, 18116.036318063736], "cpu": {"total": 20516.42194056511, "user": 88800.25, "system": 547.8900000000001}}