{"start": [0.8493630886077881, 7201.059442043304, 17859.136523008347], "build": [5831.862708568573, 17842.216054201126, 27970.888276576996], "clean": [5843.1711456775665, 17859.13644194603, 27983.73140311241], "cpu": {"total": 30384.210867404938, "user": 88573.45, "system": 577.73}}