{"build": [2437.3236405849457], "delay": [2638.229145050049], "clean": 2839.111727952957, "drop": 3040.3713042736053, "cpu": {"total": 2638.2294223308563, "user": 28883.18, "system": 163.75}}