{"build": [2435.8117430210114], "delay": [2636.608022212982], "clean": 2837.4678559303284, "drop": 3038.7520689964294, "cpu": {"total": 2636.6082651615143, "user": 28878.77, "system": 167.12}}