{"build": [2438.67529296875], "delay": [2639.396650314331], "clean": 2840.163851737976, "drop": 3041.469030857086, "cpu": {"total": 2639.396779537201, "user": 28863.83, "system": 207.09}}