{"build": [2884.9942758083344], "delay": [3086.4670844078064], "clean": 3287.680063009262, "drop": 3489.2234547138214, "cpu": {"total": 3086.467297077179, "user": 31258.879999999997, "system": 3119.4}}