{"build": [2954.5171291828156], "delay": [3156.01446723938], "clean": 3357.2375955581665, "drop": 3558.815483570099, "cpu": {"total": 3156.014793395996, "user": 31395.41, "system": 3818.0299999999997}}