{"build": [2913.4207620620728], "delay": [3114.660139799118], "clean": 3315.9067990779877, "drop": 3517.4438548088074, "cpu": {"total": 3114.6604402065277, "user": 31330.85, "system": 3412.41}}