{"build": [2921.3883016109467], "delay": [3123.0486328601837], "clean": 3324.1323912143707, "drop": 3525.927549123764, "cpu": {"total": 3123.048826932907, "user": 31296.829999999998, "system": 3517.4900000000002}}