{"start": [41.26713967323303, 80.99672365188599, 120.04893827438354, 160.60055351257324, 200.27234649658203, 240.31537413597107, 280.3625192642212, 321.40648317337036, 361.471070766449, 400.89870977401733], "build": [46.27427339553833, 86.00560188293457, 125.55475926399231, 166.108393907547, 205.27747702598572, 245.32256841659546, 285.8706398010254, 328.21977734565735, 366.47695779800415, 406.3737213611603], "clean": [], "cpu": {"total": 440.40839886665344, "user": 294.19, "system": 60.66}}