{"build": [491.9395627975464, 1341.0721790790558, 2191.4112548828125], "delay": [852.2614452838898, 1702.6330626010895, 2551.645875930786], "clean": null, "drop": 2912.2784967422485, "cpu": {"total": 2551.646094083786, "user": 17316.73, "system": 43.07}}