{"start": [60.304113149642944, 100.32051920890808, 140.8179099559784, 181.1982319355011, 220.05754971504211, 260.1957046985626, 300.40438961982727, 340.8861804008484, 381.0055797100067, 420.5692038536072], "build": [68.81597805023193, 108.83245587348938, 149.33098602294922, 189.49948930740356, 228.56868767738342, 268.70779728889465, 307.8511281013489, 349.39715003967285, 389.51845359802246, 429.2065546512604], "clean": [], "cpu": {"total": 460.79873919487, "user": 537.7099999999999, "system": 56.82}}