{"start": [1.4581303596496582, 30.684088468551636, 60.72876763343811, 91.215660572052, 120.25509524345398], "build": [6.650335311889648, 35.692660331726074, 66.18052768707275, 96.22354817390442, 125.26207184791565], "clean": [], "cpu": {"total": 135.2749342918396, "user": 98.28999999999999, "system": 12.32}}