{"start": [41.29166340827942, 80.09713578224182, 120.14248538017273, 160.69097542762756, 201.35573840141296, 240.41883158683777, 280.9610357284546, 320.00441002845764, 360.5474398136139, 401.3857276439667], "build": [47.79953122138977, 85.10459518432617, 125.65181803703308, 166.10822868347168, 207.8639416694641, 245.927184343338, 285.9660563468933, 325.51154017448425, 366.0550329685211, 406.39295387268066], "clean": [], "cpu": {"total": 440.7359139919281, "user": 348.84000000000003, "system": 21.02}}