{"start": [1.026167869567871, 30.788637161254883, 60.325581550598145, 90.86808323860168, 120.41270899772644], "build": [9.266949653625488, 37.79800009727478, 67.33471822738647, 97.88158774375916, 128.9213273525238], "clean": [], "cpu": {"total": 138.93886828422546, "user": 182.92, "system": 17.950000000000003}}