{"start": [2400.1038563251495, 9601.220843791962, 16801.367153406143], "build": [6053.610342979431, 13257.66659283638, 20471.51697421074], "clean": [6058.127217531204, 13262.351953983307, 20476.037254333496], "cpu": {"total": 22876.61706352234, "user": 88217.65000000001, "system": 530.98}}