{"start": [2400.2765095233917, 13897.088582515717, 25905.656808376312], "build": [13885.916963815689, 25896.646443128586, 33485.89536499977], "clean": [13897.088515520096, 25905.656736135483, 33497.914105415344], "cpu": {"total": 35898.83577656746, "user": 91462.14000000001, "system": 712.8900000000001}}