{"build": [3675.4101827144623], "delay": [3876.5860629081726], "clean": 4077.986922264099, "drop": 4279.597813844681, "cpu": {"total": 3876.5862872600555, "user": 36493.73, "system": 7167.44}}