{"build": [3724.5146646499634], "delay": [3925.636791706085], "clean": 4127.103558301926, "drop": 4328.665163516998, "cpu": {"total": 3925.637017250061, "user": 36637.740000000005, "system": 7616.69}}