{"build": [3701.798155069351], "delay": [3903.011352777481], "clean": 4104.511035442352, "drop": 4306.345975160599, "cpu": {"total": 3903.0117948055267, "user": 36554.76, "system": 7399.26}}