{"build": [3641.6394069194794], "delay": [3842.8597424030304], "clean": 4044.315791606903, "drop": 4245.914806127548, "cpu": {"total": 3842.8599123954773, "user": 36383.119999999995, "system": 6866.79}}