{"start": [2400.5601222515106, 11565.162043094635, 21578.56772851944], "build": [11548.073552370071, 21556.03715801239, 31357.48521232605], "clean": [11565.161968946457, 21578.567605495453, 31373.863955259323], "cpu": {"total": 33774.453090667725, "user": 87403.07, "system": 473.64}}