{"start": [0.8502745628356934, 7201.229600191116, 14400.15117239952], "build": [3773.563437461853, 10968.709954738617, 18185.329129219055], "clean": [3778.0981724262238, 10973.444417715073, 18189.783711910248], "cpu": {"total": 20590.249576568604, "user": 90802.48999999999, "system": 534.48}}