{"build": [2471.416511297226], "delay": [2672.6109392642975], "clean": 2873.6143386363983, "drop": 3075.1974198818207, "cpu": {"total": 2672.6112067699432, "user": 29084.68, "system": 348.81}}