{"build": [2466.031582593918], "delay": [2667.0906443595886], "clean": 2867.984112739563, "drop": 3069.331600666046, "cpu": {"total": 2667.091136932373, "user": 29065.28, "system": 343.71000000000004}}