{"build": [2477.0704357624054], "delay": [2678.0977787971497], "clean": 2879.2450149059296, "drop": 3080.611150741577, "cpu": {"total": 2678.0980904102325, "user": 29105.96, "system": 411.06}}