{"build": [2473.2450971603394], "delay": [2674.3109934329987], "clean": 2875.4329719543457, "drop": 3077.078497171402, "cpu": {"total": 2674.311165332794, "user": 29110.17, "system": 348.75}}