{"build": [2459.0052149295807], "delay": [2659.9742567539215], "clean": 2860.95117020607, "drop": 3062.314857006073, "cpu": {"total": 2659.974445581436, "user": 29009.3, "system": 309.03}}