{"build": [2481.7394337654114], "delay": [2682.7896568775177], "clean": 2883.6254839897156, "drop": 3085.125426530838, "cpu": {"total": 2682.7899079322815, "user": 29102.9, "system": 494.07}}