{"start": [0.8430221080780029, 7200.452348947525, 14400.81387257576], "build": [3785.950446128845, 10974.271608114243, 18179.070726633072], "clean": [3790.435608148575, 10978.920001506805, 18183.598481178284], "cpu": {"total": 20583.920426368713, "user": 90793.86, "system": 586.74}}