{"build": [137], "delay": [167], "clean": 197, "drop": 227, "cpu": {"user": 1892.1100000000001, "system": 13.690000000000001}}