{"start": [21.22877049446106, 50.25917053222656, 80.30308794975281, 110.84324359893799, 140.88675045967102], "build": [26.23604464530945, 55.2670259475708, 85.8107361793518, 115.85183572769165, 146.39363503456116], "clean": [], "cpu": {"total": 156.41123580932617, "user": 87.81, "system": 39.77}}