{"build": [2467.674802541733], "delay": [2668.5946686267853], "clean": 2869.4494547843933, "drop": 3070.784018278122, "cpu": {"total": 2668.5949788093567, "user": 29074.010000000002, "system": 353.35}}