{"build": [2474.718373298645], "delay": [2675.551908493042], "clean": 2876.339987516403, "drop": 3077.8253288269043, "cpu": {"total": 2675.5521235466003, "user": 29086.96, "system": 399.8}}