{"build": [2485.060027360916], "delay": [2686.2174315452576], "clean": 2887.314743757248, "drop": 3088.843904733658, "cpu": {"total": 2686.217624425888, "user": 29112.47, "system": 537.3}}