{"start": [11.209878921508789, 40.246745586395264, 70.28900098800659, 100.8309862613678, 130.87258052825928], "build": [16.216572046279907, 45.255032777786255, 75.79534959793091, 105.83951234817505, 136.3818290233612], "clean": [], "cpu": {"total": 146.39321660995483, "user": 89.7, "system": 37.61}}