{"start": [51.370383977890015, 91.40873837471008, 130.86660885810852, 170.44465589523315, 211.20174407958984, 250.76397562026978, 290.95156741142273, 330.991667509079, 370.2306008338928, 411.17094230651855], "build": [58.379806995391846, 98.11011099815369, 135.87457752227783, 175.45189023017883, 217.72664403915405, 255.77200031280518, 296.45806431770325, 337.69983959198, 375.7377018928528, 416.1767039299011], "clean": [], "cpu": {"total": 450.2120590209961, "user": 320.04, "system": 61.17}}