{"build": [136], "delay": [166], "clean": 196, "drop": 226, "cpu": {"user": 1889.4599999999998, "system": 15.059999999999999}}