{"start": [60.125378131866455, 100.84638714790344, 140.89127707481384, 181.43729782104492, 220.95703959465027, 260.3349030017853, 300.3839383125305, 341.4354248046875, 380.7057650089264, 420.6189513206482], "build": [65.63160538673401, 105.85430955886841, 146.3981053829193, 186.44509983062744, 225.9652066230774, 265.3441150188446, 305.89104199409485, 346.4436435699463, 386.21408581733704, 425.62587118148804], "clean": [], "cpu": {"total": 460.6646773815155, "user": 337.96000000000004, "system": 19.529999999999998}}