{"build": [3664.889397382736], "delay": [3866.037530899048], "clean": 4067.303242921829, "drop": 4268.884841680527, "cpu": {"total": 3866.037762403488, "user": 36399.770000000004, "system": 7156.7699999999995}}