{"build": [3599.6908082962036], "delay": [3800.6865723133087], "clean": 4002.079866170883, "drop": 4203.801881074905, "cpu": {"total": 3800.686762571335, "user": 36298.520000000004, "system": 6468.530000000001}}