{"build": [2448.8933238983154], "delay": [2649.7246055603027], "clean": 2850.6486251354218, "drop": 3052.000456094742, "cpu": {"total": 2649.7248196601868, "user": 28978.75, "system": 198.94}}