{"build": [2447.1120653152466], "delay": [2648.1243047714233], "clean": 2849.082982301712, "drop": 3050.341168165207, "cpu": {"total": 2648.124631166458, "user": 28984.21, "system": 195.97}}