{"start": [0.8573307991027832, 7200.897092342377, 14400.447563886642], "build": [3790.7855434417725, 10984.011016845703, 18183.836768865585], "clean": [3795.2985002994537, 10988.715917110443, 18188.34460234642], "cpu": {"total": 20588.957647562027, "user": 90992.14, "system": 574.4200000000001}}