{"start": [70.18187594413757, 110.51711106300354, 151.2285680770874, 190.22867608070374, 230.31445217132568, 270.8667194843292, 311.41490149497986, 350.53081583976746, 391.30956292152405, 430.89892196655273], "build": [78.98263835906982, 119.19732308387756, 159.6979615688324, 197.72379732131958, 239.32833051681519, 279.3786416053772, 319.92472314834595, 358.7667682170868, 399.88836789131165, 439.41127729415894], "clean": [], "cpu": {"total": 470.44856667518616, "user": 555.25, "system": 53.199999999999996}}