{"build": [2465.3029713630676], "delay": [2666.208857536316], "clean": 2867.114250421524, "drop": 3068.6524283885956, "cpu": {"total": 2666.2091994285583, "user": 29040.33, "system": 339.0}}