{"build": [2467.57683467865], "delay": [2668.5997247695923], "clean": 2869.3564653396606, "drop": 3071.0471165180206, "cpu": {"total": 2668.5999054908752, "user": 29061.37, "system": 333.08}}