{"build": [2470.5469348430634], "delay": [2671.3193163871765], "clean": 2872.1371126174927, "drop": 3074.079195022583, "cpu": {"total": 2671.3195691108704, "user": 29070.11, "system": 379.51}}