{"start": [1.0274436473846436, 30.75041151046753, 60.29930925369263, 90.85485553741455, 120.40645551681519], "build": [8.22321081161499, 37.757683992385864, 67.31324005126953, 97.86799955368042, 128.92125391960144], "clean": [], "cpu": {"total": 138.938538312912, "user": 182.27, "system": 17.52}}