{"start": [21.208338737487793, 50.74851846694946, 80.2909779548645, 110.83427715301514, 140.3828525543213], "build": [28.21764087677002, 57.75791621208191, 87.30132102966309, 117.85009598731995, 147.3964295387268], "clean": [], "cpu": {"total": 157.41374707221985, "user": 176.3, "system": 16.810000000000002}}