{"build": [2469.9430634975433], "delay": [2671.0816197395325], "clean": 2872.036507129669, "drop": 3073.507323741913, "cpu": {"total": 2671.0817584991455, "user": 29091.66, "system": 349.88}}