{"build": [2478.8810374736786], "delay": [2679.7690477371216], "clean": 2880.670582294464, "drop": 3082.1837542057037, "cpu": {"total": 2679.7691822052, "user": 29117.16, "system": 399.90999999999997}}