{"build": [2468.1377074718475], "delay": [2668.9189541339874], "clean": 2869.8394541740417, "drop": 3071.2134594917297, "cpu": {"total": 2668.919055223465, "user": 29078.95, "system": 348.53999999999996}}