{"build": [2467.156083345413], "delay": [2668.014691591263], "clean": 2868.9593381881714, "drop": 3070.455808401108, "cpu": {"total": 2668.0150496959686, "user": 29029.0, "system": 331.63}}