{"build": [2467.832726240158], "delay": [2668.6774315834045], "clean": 2869.5192081928253, "drop": 3070.9828202724457, "cpu": {"total": 2668.6776928901672, "user": 29080.030000000002, "system": 350.16}}