{"start": [4800.363489151001, 12000.368020057678, 19201.415942192078], "build": [8449.94948220253, 15655.987429380417, 22822.033388853073], "clean": [8454.66692328453, 15660.63829255104, 22826.54083752632], "cpu": {"total": 25226.63596892357, "user": 87919.56999999999, "system": 613.93}}