{"start": [0.8495488166809082, 7200.4516615867615, 14400.813401460648], "build": [3828.557536125183, 11025.978543996811, 18231.01922607422], "clean": [3832.9652132987976, 11030.555275917053, 18235.448231697083], "cpu": {"total": 20635.801931858063, "user": 91954.47, "system": 600.57}}