{"start": [1.0083856582641602, 30.235170602798462, 60.28631925582886, 90.83170557022095, 120.8813865184784], "build": [6.197259187698364, 35.24430251121521, 65.79511094093323, 95.83836460113525, 126.39058375358582], "clean": [], "cpu": {"total": 136.4104402065277, "user": 102.02, "system": 13.94}}