{"start": [0.8513290882110596, 7200.301796913147, 14400.045523643494], "build": [3817.821851491928, 11026.24776339531, 18220.171587228775], "clean": [3822.276903152466, 11030.8992664814, 18224.677075862885], "cpu": {"total": 20625.30649805069, "user": 91813.46, "system": 570.95}}