{"build": [2463.45201921463], "delay": [2664.4367668628693], "clean": 2865.4089982509613, "drop": 3066.901638031006, "cpu": {"total": 2664.437068462372, "user": 29026.4, "system": 331.87}}