{"start": [4800.446778059006, 12000.085976839066, 19200.348190307617], "build": [8429.989630699158, 15615.026349782944, 22780.239149093628], "clean": [8433.336513519287, 15619.428916454315, 22784.745594739914], "cpu": {"total": 25184.93852853775, "user": 87283.03, "system": 509.46000000000004}}