{"start": [11.19724702835083, 40.73582458496094, 70.31858777999878, 100.9386568069458, 130.47505569458008], "build": [18.205325841903687, 48.79833221435547, 78.41794753074646, 107.94664263725281, 137.48573756217957], "clean": [], "cpu": {"total": 147.50170278549194, "user": 181.08, "system": 17.43}}