{"build": [2475.566785812378], "delay": [2676.253718852997], "clean": 2877.1951282024384, "drop": 3078.600074529648, "cpu": {"total": 2676.253868818283, "user": 29079.88, "system": 430.49}}