{"start": [0.8431034088134766, 7201.398255109787, 19758.998775720596], "build": [5313.220136165619, 19741.639868736267, 31826.031391859055], "clean": [5325.985661506653, 19758.998673439026, 31839.238105535507], "cpu": {"total": 34239.36003756523, "user": 91708.6, "system": 861.41}}