{"start": [0.8538546562194824, 7201.4445877075195, 14400.369129180908], "build": [3658.869183778763, 10897.562648057938, 18101.45460009575], "clean": [3663.3867654800415, 10902.244445800781, 18105.960833787918], "cpu": {"total": 20506.22869038582, "user": 88640.84999999999, "system": 500.46}}