{"start": [20.175945281982422, 50.712693214416504, 80.75281047821045, 111.24256587028503, 140.28314232826233], "build": [25.68483304977417, 55.721227169036865, 86.21306014060974, 116.24934244155884, 145.292706489563], "clean": [], "cpu": {"total": 155.30841708183289, "user": 98.48, "system": 12.979999999999999}}