{"start": [1.009800672531128, 30.234620094299316, 60.28575038909912, 90.75674796104431, 120.8072121143341], "build": [6.197129726409912, 35.244205951690674, 65.7144546508789, 95.76700782775879, 126.18359279632568], "clean": [], "cpu": {"total": 136.19940042495728, "user": 101.33999999999999, "system": 14.799999999999999}}