{"start": [70.80344223976135, 110.35192942619324, 150.89728379249573, 190.44435739517212, 231.4882688522339, 270.90636706352234, 310.2721416950226, 351.13089990615845, 390.57053327560425, 430.93024039268494], "build": [75.81268572807312, 115.35950946807861, 156.4061987400055, 196.95211482048035, 237.99667692184448, 275.91280579566956, 315.7802412509918, 356.1378209590912, 397.078617811203, 436.43694400787354], "clean": [], "cpu": {"total": 471.481187582016, "user": 316.25, "system": 60.260000000000005}}