{"build": [3629.2087643146515], "delay": [3830.436315536499], "clean": 4031.6737897396088, "drop": 4233.14878153801, "cpu": {"total": 3830.43670296669, "user": 35815.79, "system": 7362.05}}