{"build": [3645.1555395126343], "delay": [3846.315313100815], "clean": 4047.498337984085, "drop": 4249.239501953125, "cpu": {"total": 3846.315519809723, "user": 35869.79, "system": 7512.3099999999995}}