{"build": [3732.0044434070587], "delay": [3933.1577146053314], "clean": 4134.302543401718, "drop": 4335.857713460922, "cpu": {"total": 3933.1580018997192, "user": 36009.1, "system": 8392.460000000001}}