{"build": [3735.1773052215576], "delay": [3936.254892349243], "clean": 4137.543426990509, "drop": 4339.040291070938, "cpu": {"total": 3936.25511097908, "user": 36066.07, "system": 8377.769999999999}}