{"build": [2912.593098640442], "delay": [3114.0751638412476], "clean": 3315.30775642395, "drop": 3516.8739318847656, "cpu": {"total": 3114.0756351947784, "user": 31288.16, "system": 3417.1899999999996}}