{"build": [2918.873024225235], "delay": [3120.2919297218323], "clean": 3321.4800057411194, "drop": 3523.0907101631165, "cpu": {"total": 3120.292167186737, "user": 31324.79, "system": 3494.4}}