{"start": [60.29007625579834, 100.00972270965576, 140.89817023277283, 181.4317970275879, 220.97706866264343, 261.15922713279724, 300.7026059627533, 340.4728217124939, 380.4194884300232, 420.6245291233063], "build": [65.79766464233398, 105.51853966712952, 145.90396666526794, 186.43975043296814, 226.48356771469116, 266.16693806648254, 306.2093994617462, 345.97942781448364, 385.42773699760437, 426.13066029548645], "clean": [], "cpu": {"total": 461.17232489585876, "user": 306.66, "system": 54.26}}