{"start": [0.8558225631713867, 7200.218478918076, 19306.69789290428], "build": [5182.859214544296, 19297.7510638237, 31422.473501205444], "clean": [5191.367920398712, 19306.69778084755, 31437.547979593277], "cpu": {"total": 33837.62737226486, "user": 90579.98, "system": 491.17}}