{"start": [0.8529877662658691, 7200.837846040726, 14401.089673280716], "build": [3642.434910297394, 10862.46179318428, 18062.040738344193], "clean": [3645.7810428142548, 10866.966972112656, 18066.5475833416], "cpu": {"total": 20467.356686353683, "user": 88028.51, "system": 431.78}}