{"start": [2400.6869809627533, 11616.180852890015, 21451.605621099472], "build": [11595.650691747665, 21439.089668750763, 31389.118730545044], "clean": [11616.180769205093, 21451.605491876602, 31404.143698215485], "cpu": {"total": 33805.53847646713, "user": 88636.98999999999, "system": 563.1800000000001}}