{"start": [2400.0962216854095, 9600.944861888885, 16800.843616962433], "build": [6056.279816150665, 13262.02811050415, 20466.632019281387], "clean": [6060.804384469986, 13266.666836738586, 20471.13835644722], "cpu": {"total": 22871.688624620438, "user": 88230.69, "system": 539.4}}