{"build": [3628.510322332382], "delay": [3829.7485735416412], "clean": 4031.1161999702454, "drop": 4232.69531750679, "cpu": {"total": 3829.748828649521, "user": 35841.01, "system": 7329.67}}