{"build": [3630.9880044460297], "delay": [3832.1793835163116], "clean": 4033.4803669452667, "drop": 4235.062481403351, "cpu": {"total": 3832.179563522339, "user": 35989.89, "system": 7239.2300000000005}}