{"start": [1.003894329071045, 30.23826003074646, 60.29092764854431, 90.84719157218933, 120.9019947052002], "build": [6.19484806060791, 35.24695634841919, 65.80327439308167, 95.85770773887634, 126.4140477180481], "clean": [], "cpu": {"total": 136.43041133880615, "user": 89.59, "system": 44.06}}