{"start": [4800.319433689117, 15011.514228105545, 26780.19522714615], "build": [14996.505571365356, 26769.56429219246, 33745.115136146545], "clean": [15011.514118909836, 26780.19512462616, 33749.62174654007], "cpu": {"total": 36151.02489233017, "user": 90566.04999999999, "system": 512.37}}