{"start": [4800.36861371994, 12000.050398111343, 19200.36313891411], "build": [8446.228444337845, 15653.990052700043, 22814.681163072586], "clean": [8450.734765768051, 15658.643818378448, 22819.103197813034], "cpu": {"total": 25219.662379026413, "user": 87946.29, "system": 552.6}}