{"start": [1.019594430923462, 30.238858699798584, 60.2915403842926, 90.84787440299988, 120.90277934074402], "build": [6.204029560089111, 35.247222900390625, 65.80349898338318, 95.85786652565002, 126.41472887992859], "clean": [], "cpu": {"total": 136.43103981018066, "user": 88.81, "system": 42.5}}