{"build": [2469.6692209243774], "delay": [2670.7363588809967], "clean": 2871.6684930324554, "drop": 3073.153181552887, "cpu": {"total": 2670.736663579941, "user": 29063.39, "system": 386.22}}