{"start": [70.31380534172058, 110.3564064502716, 150.90361905097961, 190.9521517753601, 230.06473112106323, 270.73021960258484, 311.2865161895752, 350.46207785606384, 390.4480712413788, 430.97370982170105], "build": [75.31993269920349, 115.86290431022644, 155.91013264656067, 196.45868039131165, 235.57074451446533, 275.73788952827454, 316.294296503067, 355.9692952632904, 395.4557259082794, 436.4818584918976], "clean": [], "cpu": {"total": 470.02726554870605, "user": 334.9, "system": 20.259999999999998}}