{"start": [0.8535275459289551, 7200.273687362671, 14401.0108897686], "build": [3792.876104593277, 10979.567341804504, 18175.732746124268], "clean": [3796.2223160266876, 10984.075500249863, 18180.24030637741], "cpu": {"total": 20580.55232000351, "user": 91033.03, "system": 443.57}}