{"build": [2474.18088889122], "delay": [2675.1713547706604], "clean": 2876.7946949005127, "drop": 3078.8855922222137, "cpu": {"total": 2675.171714782715, "user": 29075.25, "system": 396.28000000000003}}