{"build": [2468.277319431305], "delay": [2669.2320504188538], "clean": 2869.3740894794464, "drop": 3071.26952958107, "cpu": {"total": 2669.2321770191193, "user": 29107.1, "system": 345.9}}