{"build": [2470.045571565628], "delay": [2670.9528472423553], "clean": 2871.8433611392975, "drop": 3073.261500120163, "cpu": {"total": 2670.953063726425, "user": 29084.510000000002, "system": 356.08}}