{"start": [50.031341791152954, 90.07824516296387, 131.1062889099121, 170.17968320846558, 210.73082041740417, 250.26601910591125, 290.9130504131317, 330.6262652873993, 371.1196336746216, 410.51154375076294], "build": [58.54467725753784, 98.58948636054993, 139.14024662971497, 178.69237875938416, 219.24143242835999, 258.37673783302307, 299.4246823787689, 339.31793785095215, 379.3673689365387, 419.14888048171997], "clean": [], "cpu": {"total": 450.1821618080139, "user": 543.18, "system": 56.33}}