{"build": [2471.391556739807], "delay": [2672.1711218357086], "clean": 2873.0397474765778, "drop": 3074.389267683029, "cpu": {"total": 2672.171395778656, "user": 29116.99, "system": 350.03}}