{"build": [2464.664306640625], "delay": [2665.654889345169], "clean": 2866.553256034851, "drop": 3068.022649049759, "cpu": {"total": 2665.6551575660706, "user": 29055.28, "system": 358.28}}