{"build": [2480.7107961177826], "delay": [2681.5768649578094], "clean": 2882.2699043750763, "drop": 3083.6819150447845, "cpu": {"total": 2681.577061653137, "user": 29150.08, "system": 428.71}}