{"build": [2473.9474127292633], "delay": [2674.8249893188477], "clean": 2875.896703481674, "drop": 3077.356765270233, "cpu": {"total": 2674.8253207206726, "user": 29112.83, "system": 372.06}}