{"build": [2476.395790576935], "delay": [2677.2799038887024], "clean": 2878.2815623283386, "drop": 3079.593479156494, "cpu": {"total": 2677.280041694641, "user": 29115.73, "system": 394.02}}