{"build": [2446.7237362861633], "delay": [2647.606831073761], "clean": 2848.5058257579803, "drop": 3049.9182691574097, "cpu": {"total": 2647.607000350952, "user": 28966.93, "system": 197.55}}