{"build": [2447.604089975357], "delay": [2648.521868467331], "clean": 2849.4987847805023, "drop": 3051.033043861389, "cpu": {"total": 2648.522205591202, "user": 28986.980000000003, "system": 203.06}}