{"build": [2449.735166311264], "delay": [2650.5600578784943], "clean": 2851.353069782257, "drop": 3052.6169953346252, "cpu": {"total": 2650.5603816509247, "user": 28983.190000000002, "system": 201.82}}