{"build": [2445.3547999858856], "delay": [2646.2371351718903], "clean": 2847.1722111701965, "drop": 3048.3147189617157, "cpu": {"total": 2646.237292766571, "user": 28943.5, "system": 209.01}}