{"build": [2434.5230140686035], "delay": [2635.293135166168], "clean": 2836.21946144104, "drop": 3037.9057738780975, "cpu": {"total": 2635.2933356761932, "user": 28872.36, "system": 142.07999999999998}}