{"build": [2427.78733086586], "delay": [2628.6851460933685], "clean": 2829.582632303238, "drop": 3030.946747303009, "cpu": {"total": 2628.6853313446045, "user": 28836.72, "system": 126.29999999999998}}