{"build": [2437.1820645332336], "delay": [2637.9820902347565], "clean": 2838.729854822159, "drop": 3039.925371170044, "cpu": {"total": 2637.9822635650635, "user": 28866.75, "system": 155.62}}