{"start": [0.8470385074615479, 7200.628165960312, 14400.00851225853], "build": [3755.57719707489, 10939.596314191818, 18140.484156370163], "clean": [3759.952907562256, 10944.03082704544, 18143.829161643982], "cpu": {"total": 20544.20175552368, "user": 90105.27, "system": 467.03999999999996}}