{"start": [4800.613397121429, 13461.109604358673, 25733.993674516678], "build": [13448.35598897934, 25723.15917277336, 34146.460606098175], "clean": [13461.109506130219, 25733.993587255478, 34150.96642136574], "cpu": {"total": 36552.13204050064, "user": 91376.65000000001, "system": 730.1}}