{"build": [2467.876625061035], "delay": [2668.8792939186096], "clean": 2869.710755109787, "drop": 3071.172839641571, "cpu": {"total": 2668.879545688629, "user": 29058.989999999998, "system": 359.89}}