{"build": [2489.394047021866], "delay": [2690.449194431305], "clean": 2891.6709196567535, "drop": 3093.16264462471, "cpu": {"total": 2690.4495720863342, "user": 29108.969999999998, "system": 584.3399999999999}}