{"build": [2462.0072815418243], "delay": [2662.7953550815582], "clean": 2863.66902923584, "drop": 3065.2018506526947, "cpu": {"total": 2662.795650959015, "user": 29021.69, "system": 330.86}}