{"build": [2462.5322663784027], "delay": [2663.45322060585], "clean": 2864.4969053268433, "drop": 3065.860821723938, "cpu": {"total": 2663.4533681869507, "user": 29030.0, "system": 334.09}}