{"build": [2461.5138652324677], "delay": [2662.308310985565], "clean": 2863.0467195510864, "drop": 3064.446348667145, "cpu": {"total": 2662.3085424900055, "user": 29010.100000000002, "system": 313.61}}