{"build": [2909.0800602436066], "delay": [3110.4166719913483], "clean": 3311.9634816646576, "drop": 3513.60737657547, "cpu": {"total": 3110.4169211387634, "user": 31458.72, "system": 3166.35}}