{"build": [2899.5779926776886], "delay": [3101.070044517517], "clean": 3302.386330604553, "drop": 3503.8914947509766, "cpu": {"total": 3101.070384979248, "user": 31410.48, "system": 3125.74}}