{"build": [2987.0351724624634], "delay": [3188.6062803268433], "clean": 3389.9731438159943, "drop": 3591.585695505142, "cpu": {"total": 3188.6065967082977, "user": 31670.239999999998, "system": 3940.34}}