{"start": [1.0188579559326172, 30.24808669090271, 60.29210591316223, 90.84840989112854, 120.90331625938416], "build": [6.215874195098877, 35.25684380531311, 65.8035843372345, 95.85795331001282, 126.41483092308044], "clean": [], "cpu": {"total": 136.4313623905182, "user": 88.55, "system": 43.199999999999996}}