{"start": [0.8495790958404541, 7200.982649803162, 14400.864282369614], "build": [3747.2955634593964, 10929.315610647202, 18129.861340761185], "clean": [3751.800998687744, 10933.800074577332, 18134.36851501465], "cpu": {"total": 20534.57405114174, "user": 89866.9, "system": 441.79}}