{"build": [2472.6825802326202], "delay": [2673.611904144287], "clean": 2874.5572674274445, "drop": 3076.081899881363, "cpu": {"total": 2673.6122059822083, "user": 29090.57, "system": 378.91999999999996}}