{"build": [2468.949960231781], "delay": [2670.0013864040375], "clean": 2870.854277610779, "drop": 3072.2738840579987, "cpu": {"total": 2670.0017218589783, "user": 29068.55, "system": 350.53}}