{"start": [1.0145952701568604, 30.73258399963379, 60.26991653442383, 90.83405447006226, 120.37396383285522], "build": [8.206964015960693, 37.74315619468689, 68.3093330860138, 97.84515523910522, 127.38429284095764], "clean": [], "cpu": {"total": 137.39712929725647, "user": 179.83, "system": 17.82}}