{"start": [41.28408885002136, 80.31618976593018, 120.61530351638794, 160.2190797328949, 201.25911808013916, 240.07446122169495, 280.47757959365845, 320.2336640357971, 360.8000226020813, 400.3386187553406], "build": [49.60546588897705, 89.0798134803772, 128.68738389015198, 168.72862672805786, 210.06050968170166, 247.3678858280182, 288.9880759716034, 328.74609565734863, 369.3109312057495, 408.55700874328613], "clean": [], "cpu": {"total": 440.593252658844, "user": 555.97, "system": 56.28}}