{"build": [2452.2840299606323], "delay": [2653.211122274399], "clean": 2854.1426050662994, "drop": 3055.482202768326, "cpu": {"total": 2653.2115349769592, "user": 29011.23, "system": 212.66000000000003}}