{"build": [2446.1390721797943], "delay": [2646.8979346752167], "clean": 2847.7399344444275, "drop": 3049.06200671196, "cpu": {"total": 2646.898374557495, "user": 28991.09, "system": 182.72000000000003}}