{"build": [2474.971357345581], "delay": [2675.8444249629974], "clean": 2876.729292154312, "drop": 3078.0805039405823, "cpu": {"total": 2675.8445365428925, "user": 29105.99, "system": 382.07}}