{"build": [2467.7186918258667], "delay": [2668.4464132785797], "clean": 2869.2743258476257, "drop": 3070.7185401916504, "cpu": {"total": 2668.4465703964233, "user": 29048.88, "system": 360.13}}