{"build": [2473.9707260131836], "delay": [2674.8835895061493], "clean": 2875.7424771785736, "drop": 3077.185250043869, "cpu": {"total": 2674.883799791336, "user": 29099.98, "system": 394.79}}