{"build": [2481.546053171158], "delay": [2682.522785425186], "clean": 2883.516602039337, "drop": 3084.985925912857, "cpu": {"total": 2682.5231132507324, "user": 29119.309999999998, "system": 473.13}}