{"build": [2471.5533878803253], "delay": [2672.481701850891], "clean": 2873.552018404007, "drop": 3074.919698238373, "cpu": {"total": 2672.482074022293, "user": 29106.94, "system": 364.29999999999995}}