{"build": [2465.166130065918], "delay": [2666.057923078537], "clean": 2867.0852661132812, "drop": 3068.6903069019318, "cpu": {"total": 2666.058090209961, "user": 29072.34, "system": 321.27}}