{"build": [2481.608605861664], "delay": [2682.785528421402], "clean": 2883.9286942481995, "drop": 3085.6652462482452, "cpu": {"total": 2682.785987138748, "user": 29183.93, "system": 399.70000000000005}}