{"start": [10.150733709335327, 40.69755458831787, 70.74173760414124, 101.27217721939087, 130.2980878353119], "build": [15.65919804573059, 45.70524621009827, 76.24821543693542, 106.27720975875854, 135.3036425113678], "clean": [], "cpu": {"total": 145.3140163421631, "user": 98.09, "system": 13.459999999999999}}