{"start": [50.29115152359009, 90.83393907546997, 130.88142800331116, 171.42556619644165, 211.01697969436646, 250.066561460495, 290.97190713882446, 330.5223515033722, 370.0693304538727, 410.68651151657104], "build": [55.29676604270935, 97.34143900871277, 136.3902416229248, 176.43286395072937, 216.02401447296143, 255.57502222061157, 295.9788112640381, 336.0304808616638, 375.55346727371216, 416.1910562515259], "clean": [], "cpu": {"total": 451.2287049293518, "user": 338.88, "system": 18.43}}