{"start": [0.8514366149902344, 7200.951190710068, 14400.66689825058], "build": [3780.174512863159, 10978.00006699562, 18178.784876823425], "clean": [3784.626517534256, 10982.659739017487, 18183.42208957672], "cpu": {"total": 20583.799698114395, "user": 90732.0, "system": 646.63}}