{"start": [1.0128109455108643, 30.23392653465271, 60.28505086898804, 90.83096027374268, 120.88078713417053], "build": [6.1918044090271, 35.243950843811035, 65.79493618011475, 95.83823895454407, 126.39039063453674], "clean": [], "cpu": {"total": 136.40998435020447, "user": 100.25999999999999, "system": 13.53}}