{"build": [2466.1686396598816], "delay": [2667.0832839012146], "clean": 2868.1999926567078, "drop": 3069.8985500335693, "cpu": {"total": 2667.083667039871, "user": 29047.05, "system": 337.26}}