{"build": [2488.46426486969], "delay": [2689.2785935401917], "clean": 2890.068525791168, "drop": 3091.6470811367035, "cpu": {"total": 2689.278785943985, "user": 29117.48, "system": 535.6800000000001}}