{"build": [2460.757397413254], "delay": [2661.5325632095337], "clean": 2862.5497496128082, "drop": 3064.5278232097626, "cpu": {"total": 2661.5330278873444, "user": 29002.43, "system": 314.95000000000005}}