{"start": [2400.093719482422, 9600.800584316254, 16800.05441880226], "build": [6038.487902164459, 13221.356974601746, 20423.595204353333], "clean": [6042.995265722275, 13225.864581108093, 20426.9361410141], "cpu": {"total": 22827.51950263977, "user": 87501.43000000001, "system": 463.77000000000004}}