{"start": [4801.049230337143, 15539.446626663208, 27650.921510219574], "build": [15522.928149223328, 27637.906840324402, 34285.85763645172], "clean": [15539.446528196335, 27650.92140841484, 34290.26296424866], "cpu": {"total": 36690.67640733719, "user": 91767.69, "system": 805.22}}