{"build": [2879.1884503364563], "delay": [3080.705066919327], "clean": 3281.963674545288, "drop": 3483.7574002742767, "cpu": {"total": 3080.7052145004272, "user": 31351.17, "system": 2937.37}}