{"build": [2902.7419991493225], "delay": [3104.0638852119446], "clean": 3305.7285335063934, "drop": 3507.473350763321, "cpu": {"total": 3104.0642869472504, "user": 31423.91, "system": 3160.41}}