{"build": [3003.6649272441864], "delay": [3204.8842701911926], "clean": 3406.161085128784, "drop": 3607.7284004688263, "cpu": {"total": 3204.8843982219696, "user": 31654.359999999997, "system": 4145.24}}