{"build": [2465.909550666809], "delay": [2666.279522895813], "clean": 2867.664331674576, "drop": 3069.489799976349, "cpu": {"total": 2666.2796897888184, "user": 29077.97, "system": 320.83}}