{"build": [2467.031215429306], "delay": [2667.1621103286743], "clean": 2868.499522924423, "drop": 3069.322117090225, "cpu": {"total": 2667.1622245311737, "user": 29061.239999999998, "system": 374.95}}