{"build": [2479.5337495803833], "delay": [2679.9864616394043], "clean": 2881.2067544460297, "drop": 3083.2174503803253, "cpu": {"total": 2679.986720561981, "user": 29137.27, "system": 437.45}}