{"start": [1.02138090133667, 30.234501123428345, 60.27509140968323, 90.81642818450928, 120.85710310935974], "build": [6.212585687637329, 35.2412052154541, 65.7848653793335, 95.82504963874817, 126.36889004707336], "clean": [], "cpu": {"total": 136.38010668754578, "user": 87.33, "system": 39.59}}